No,자치구,충전소주소,경도,위도,상태
1,강남구,서울특별시 강남구 자곡동 자곡로3길 21,127.089521408454,37.4715783055761,정좌표
2,강남구,서울특별시 강남구 선릉로 121길 12,127.040876261925,37.5141451412949,정좌표
3,강남구,서울특별시 강남구 일원동 일원로 127,127.084932623317,37.4816936074986,정좌표
4,강남구,서울특별시 강남구 삼성동 16-1,127.047462335075,37.5175595537252,정좌표
5,강남구,서울특별시 강남구 세곡동 헌릉로590길 63,127.101892536659,37.460714103406,정좌표
6,강남구,서울특별시 강남구 수서동 광평로34길55,127.092364783296,37.4808463322813,정좌표
7,강남구,서울특별시 강남구 언주로 211,127.046319544326,37.4920908155808,정좌표
8,강남구,서울특별시 강남구 자곡동 자곡로 175,127.10135969811,37.4744175757452,정좌표
9,강남구,서울특별시 강남구 율현동 밤고개로27길 20,127.110927816723,37.4690559679544,정좌표
10,강남구,서울특별시 강남구 율현동 밤고개로26길 50,127.104627827275,37.4685764415969,정좌표
11,강남구,서울특별시 강남구 자곡동 자곡로 260,127.11275237791,37.476803518559,정좌표
12,강남구,서울특별시 강남구 역삼동 역삼로 306,127.047479778071,37.4992362898912,정좌표
13,강남구,서울특별시 강남구 역삼동 755-1,127.0499552702,37.4997122444475,정좌표
14,강남구,서울특별시 강남구 일원동 개포로110길 15,127.077591196265,37.4927611041666,정좌표
15,강남구,서울특별시 강남구 삼성동 봉은사로111길 25,127.064710860619,37.5167299808657,정좌표
16,강남구,서울특별시 강남구 대치동 980-9,127.064142966561,37.5022474248466,정좌표
17,강남구,서울특별시 강남구 대치동 삼성로64길 5,127.060366906816,37.5011834870663,정좌표
18,강남구,서울특별시 강남구 도곡동 언주로30길 13,127.051415749515,37.4885363801984,정좌표
19,강남구,서울특별시 강남구 도곡동 선릉로 221,127.053663930932,37.4936465976225,정좌표
20,강남구,서울특별시 강남구 삼성로67길 14,127.058311713845,37.5011262457477,정좌표
21,강남구,서울특별시 강남구 삼성동 봉은사로 645,127.065798363505,37.5155508619371,정좌표
22,강남구,서울특별시 강남구 자곡동 자곡로 101,127.094626683353,37.4748667129537,정좌표
23,강남구,서울특별시 강남구 역삼동 도곡로43길 20,127.048850621956,37.4963268063011,정좌표
24,강남구,서울특별시 강남구 대치동 삼성로51길 37,127.059123436949,37.4952365470638,정좌표
25,강남구,서울특별시 강남구 대치동 도곡로93길 12,127.06597206839,37.5008187929885,정좌표
26,강남구,서울특별시 강남구 삼성동 103-22,127.06394848206,37.5171256498556,정좌표
27,강남구,서울특별시 강남구 삼성동 봉은사로109길 14-8,127.064864615372,37.5163159230243,정좌표
28,강남구,서울특별시 강남구 삼성동 48,127.049851571457,37.5139728626343,정좌표
29,강남구,서울특별시 강남구 삼성동 학동로64길 14,127.044611436047,37.5167656943567,정좌표
30,강남구,서울특별시 강남구 삼성로 111길 8,127.051960953771,37.5141945587318,정좌표
31,강남구,서울특별시 강남구 삼성동 3-8,127.044304130698,37.5171726739148,정좌표
32,강남구,서울특별시 강남구 삼성동 학동로68길 30,127.046536452934,37.5161995673746,정좌표
33,강남구,서울특별시 강남구 삼성동 삼성로99길 14,127.053823735687,37.5092114231439,정좌표
34,강남구,서울특별시 강남구 일원동 일원로 120,127.083138322727,37.4841389978903,정좌표
35,강남구,서울특별시 강남구 세곡동 508,127.100479307884,37.4642210729852,정좌표
36,강남구,서울특별시 강남구 세곡동 헌릉로 590길10,127.102681654051,37.4645070061302,정좌표
37,강남구,서울특별시 강남구 세곡동 헌릉로590길 11,127.103825043502,37.4644004275904,정좌표
38,강남구,서울특별시 강남구 세곡동 533,127.09294351284,37.4667704408316,정좌표
39,강남구,서울특별시 강남구 삼성동 영동대로 640,127.058312021482,37.5187150796405,정좌표
40,강남구,서울특별시 강남구 논현동 276-1,127.0389305468,37.5095156273331,정좌표
41,강남구,서울특별시 강남구 신사동 압구정로42길 78,127.033662254733,37.5235237011295,정좌표
42,강남구,서울특별시 강남구 역삼동 도곡로57길 12,127.051799954582,37.4968821838603,정좌표
43,강남구,서울특별시 강남구 역삼동 755-4,127.049854398241,37.4987682483559,정좌표
44,강남구,서울특별시 강남구 역삼동 757,127.050024124419,37.4975067468787,정좌표
45,강남구,서울특별시 강남구 대치동 950,127.062253940844,37.5068746502318,정좌표
46,강남구,서울특별시 강남구 청담동 영동대로142길 16,127.056211734914,37.5247575608189,정좌표
47,강남구,서울특별시 강남구 청담동 영동대로138길 12,127.058020442749,37.5236636074912,정좌표
48,강남구,서울특별시 강남구 청담동 학동로97길 31,127.054309968586,37.5218660601929,정좌표
49,강남구,서울특별시 강남구 도곡동 언주로30길 57,127.055006693619,37.4899324681158,정좌표
50,강남구,서울특별시 강남구 도곡동 언주로30길 56,127.054037455652,37.4886161611293,정좌표
51,강남구,서울특별시 강남구 도곡동 언주로30길 26,127.052822970582,37.4871750709203,정좌표
52,강남구,서울특별시 강남구 율현동 101-13,127.118437785051,37.4702459514093,정좌표
53,강남구,서울특별시 강남구 역삼동 710,127.044897212446,37.5014613168545,정좌표
54,강동구,서울특별시시 강동구 천호대로 1239(길동),127.148869053437,37.5370777199596,정좌표
55,강동구,서울특별시 강동구 성내동 541-2,127.125536932892,37.5292238126907,정좌표
56,강동구,서울특별시 강동구 둔촌동 522-9,127.135545656933,37.523814063463,정좌표
57,강동구,서울특별시 강동구 천호동 천호대로 1089,127.133178581259,37.5361049616662,정좌표
58,강동구,서울특별시 강동구 강일동 아리수로94길 19,127.176079603398,37.5636620962386,정좌표
59,강동구,서울특별시 강동구 강일동 고덕로97길 20,127.181362465919,37.5591854777068,정좌표
60,강동구,서울특별시 강동구 강일동 고덕로97길 100,127.179642373154,37.5631062182227,정좌표
61,강동구,서울특별시 강동구 강일동 아리수로93길 40,127.174078439362,37.5678399475699,정좌표
62,강동구,서울특별시 강동구 강일동 아리수로97길 20,127.177717850108,37.5667942745178,정좌표
63,강동구,서울특별시 강동구 아리수로98길 25,127.178728177003,37.5645594195289,정좌표
64,강동구,서울특별시 강동구 성내동 풍성로53길 40,127.135384518207,37.5311296337765,정좌표
65,강동구,서울특별시 강동구 상일로 152,127.171640576076,37.5605255627803,정좌표
66,강동구,서울특별시 강동구 상일로 74,127.175619577596,37.5545245299755,정좌표
67,강동구,서울특별시 강동구 고덕동 동남로79길 26,127.156114941646,37.5590391974124,정좌표
68,강동구,서울특별시 강동구 길동 명일로 293,127.14755212687,37.5437731257314,정좌표
69,강동구,서울특별시시 강동구 올림픽로 664,127.124975578669,37.5405544277643,정좌표
70,강동구,서울특별시 강동구 둔촌동 명일로 172,127.14635834317,37.5337847824623,정좌표
71,강동구,서울특별시 강동구 구천면로 395(명일동),127.142905237084,37.5510421119415,정좌표
72,강동구,서울특별시 강동구 명일동 동남로71길 19,127.155477371367,37.5513509523458,정좌표
73,강동구,서울특별시 강동구 명일동 260-1,127.14715213349,37.5460345056013,정좌표
74,강동구,서울특별시 강동구 성내동 598,127.13088610302,37.5332265060816,정좌표
75,강동구,서울특별시 강동구 성내동 410-2,127.133519718084,37.5305198872047,정좌표
76,강동구,서울특별시 강동구 성내동 풍성로 128,127.125443001401,37.5308382098511,정좌표
77,강동구,서울특별시 강동구 둔촌동 명일로 102,127.143099044923,37.5280513578858,정좌표
78,강동구,서울특별시 강동구 암사동 고덕로 53,127.13113876663,37.5549753219811,정좌표
79,강동구,서울특별시 강동구 둔촌동 명일로 110,127.143165476531,37.5288075273847,정좌표
80,강동구,서울특별시 강동구 구천면로 42길 60(천호동),127.136384767739,37.5446755938872,정좌표
81,강동구,서울특별시 강동구 암사동 고덕로19길 30,127.134567499976,37.5560574225463,정좌표
82,강동구,서울특별시 강동구 암사동 올림픽로104길 41,127.131935825615,37.5559218868541,정좌표
83,강동구,서울특별시 강동구 천호대로 1005,127.124441564112,37.5389753584006,정좌표
84,강동구,서울특별시 강동구 양재대로 1571,127.14225568958,37.5457142210555,정좌표
85,강동구,서울특별시 강동구 암사동 올림픽로91길 30,127.12574542117,37.549163726956,정좌표
86,강북구,서울특별시 강북구 수유동 360-10,127.013400747526,37.640780856598,정좌표
87,강북구,서울특별시 강북구 미아동 190-1,127.024918086545,37.6305589638338,정좌표
88,강북구,서울특별시 강북구 미아동 190-1,127.024918086545,37.6305589638338,정좌표
89,강북구,서울특별시 강북구 미아동 797,127.019378615596,37.6259669107545,정좌표
90,강북구,서울특별시 강북구 미아동 474,127.025682164199,37.6136671426029,정좌표
91,강북구,서울특별시 강북구 미아동 1355,127.036553711805,37.6148159516996,정좌표
92,강북구,서울특별시 강북구 번동 139,127.037491669956,37.6263721672113,정좌표
93,강북구,서울특별시 강북구 번동 418-3,127.027012771883,37.6386656309397,정좌표
94,강서구,서울특별시 강서구 염창동 309,126.870723140311,37.5490034418728,정좌표
95,강서구,서울특별시 강서구 가양동 양천로55길 55,126.850105137895,37.5671083445565,정좌표
96,강서구,서울특별시 강서구 마곡동 748,126.818495209839,37.5708247860194,인근좌표
97,강서구,서울특별시 강서구 내발산동 742,126.830180879023,37.554365971992,정좌표
98,강서구,서울특별시 강서구 내발산동 751,126.824887143223,37.5528071561471,정좌표
99,강서구,서울특별시 강서구 내발산동 749,126.827042825511,37.551977477397,정좌표
100,강서구,서울특별시 강서구 내발산동 수명로2길 63,126.825536718875,37.5504782423706,정좌표
101,강서구,서울특별시 강서구 내발산동 수명로2가길 22,126.82312551836,37.5478787621701,정좌표
102,강서구,서울특별시 강서구 내발산동 745,126.828626796957,37.5516457246616,정좌표
103,강서구,서울특별시 강서구 마곡동 공항대로 124,126.821247420719,37.5588349706126,정좌표
104,강서구,서울특별시 강서구 마곡동 마곡서1로 146,126.821412941052,37.5688284534153,정좌표
105,강서구,서울특별시 강서구 마곡동 736,126.818495209839,37.5708247860194,인근좌표
106,강서구,서울특별시 강서구 마곡동 743,126.818495209839,37.5708247860194,인근좌표
107,강서구,서울특별시 강서구 마곡동 마곡서1로 81,126.819238050881,37.5630000347568,정좌표
108,강서구,서울특별시 강서구 마곡동 725-1,126.817807767466,37.5640175831406,정좌표
109,강서구,서울특별시 강서구 방화동 금낭화로 287-19,126.809600564172,37.5769170768732,정좌표
110,강서구,서울특별시 강서구 방화동 875,126.814950319777,37.5746902212455,정좌표
111,강서구,서울특별시 강서구 방화동 금낭화로23길 8,126.812221091133,37.5797400419061,정좌표
112,강서구,서울특별시 강서구 염창동 306,126.873527238946,37.5513732768214,정좌표
113,강서구,서울특별시 강서구 방화동 886,126.802966434014,37.5650471858018,정좌표
114,강서구,서울특별시 강서구 공항대로59길 64,126.863563901509,37.5543634898397,정좌표
115,강서구,서울특별시 강서구 화곡동 1139,126.833598110573,37.5456724124509,정좌표
116,관악구,서울특별시 관악구 봉천동 은천로33길 5,126.951099562601,37.4872205481302,정좌표
117,관악구,서울특별시 관악구 신사로 7,126.904054391818,37.4846761209948,정좌표
118,관악구,서울특별시 관악구 봉천동 은천로 93,126.945562137042,37.4891991297694,정좌표
119,관악구,서울특별시 관악구 신림동 난곡로 66,126.919519108662,37.4612242292416,정좌표
120,관악구,서울특별시 관악구 봉천동 보라매로 62,126.928642867423,37.4942731014463,정좌표
121,관악구,서울특별시 관악구 봉천동 1701,126.951865815597,37.4770530102729,정좌표
122,관악구,서울특별시 관악구 봉천동 청룡길 78,126.944950198518,37.4780711539378,정좌표
123,관악구,서울특별시시 관악구 신림동 신림로 11길 151,126.940665659444,37.4644337456665,정좌표
124,관악구,서울특별시 관악구 신림동 미성3길 16,126.916210139241,37.4735081490808,정좌표
125,관악구,서울특별시 관악구 신림동 호암로16길 5,126.932242227853,37.4640183377012,정좌표
126,관악구,서울특별시 관악구 신림동 미성길 122,126.911872279804,37.4723396585751,정좌표
127,관악구,서울특별시 관악구 봉천동 인헌12길 46-1,126.964245107303,37.4696593109648,정좌표
128,관악구,서울특별시 관악구 신림로3가길 45-24,126.942004777647,37.4675948388948,정좌표
129,광진구,서울특별시 광진구 광나루로 56길 85,127.095691814388,37.5357246009999,정좌표
130,광진구,서울특별시 광진구 광장동 아차산로 537-17,127.099226910879,37.5436392798741,정좌표
131,광진구,서울특별시 광진구 자양로 117,127.082410366704,37.5379238378949,정좌표
132,광진구,서울특별시 광진구 자양동 구의강변로1길 44,127.090128499589,37.5299288149124,정좌표
133,광진구,서울특별시 광진구 구의동 199-18,127.094794267845,37.5398916377802,정좌표
134,광진구,서울특별시 광진구 구의동 199-18,127.094794267845,37.5398916377802,정좌표
135,광진구,서울특별시 광진구 자양동 아차산로 262,127.071758672593,37.537374262339,정좌표
136,광진구,서울특별시 광진구 자양3동 510-8,127.069430386487,37.5361810805745,정좌표
137,광진구,서울특별시 광진구 자양동 뚝섬로34길 25-19,127.070039858755,37.5337535846703,정좌표
138,광진구,서울특별시 광진구 뚝섬로 52길 74,127.079264448155,37.5288417026244,인근좌표
139,광진구,서울특별시 광진구 자양동 아차산로36길 13,127.074297273749,37.5374441923288,정좌표
140,광진구,서울특별시 광진구 광장동 353,127.103703594963,37.5501900308864,정좌표
141,구로구,서울특별시 구로구 개봉동 477,126.849758037536,37.4823025338304,정좌표
142,구로구,서울특별시 구로구 개봉동 475,126.859982135653,37.4961758322453,정좌표
143,구로구,서울특별시 구로구 고척동 경인로47길 150,126.86269956921,37.5053558945433,정좌표
144,구로구,서울특별시 구로구 고척동 340,126.861405426422,37.5056211164163,정좌표
145,구로구,서울특별시 구로구 고척로 45길 39,126.853276360132,37.5065812609746,정좌표
146,구로구,서울특별시 구로구 고척동 경인로 390,126.864388622738,37.4944608873224,정좌표
147,구로구,서울특별시 구로구 고척동 63-6,126.867062204272,37.4989196154939,정좌표
148,구로구,서울특별시 구로구 고척동 339,126.858089194564,37.5075990644137,정좌표
149,구로구,서울특별시 구로구 구로동 741-44,126.886956539039,37.4896607062004,정좌표
150,구로구,서울특별시 구로구 구로동 435,126.887630341283,37.4952797971975,정좌표
151,구로구,서울특별시 구로구 구로동 256-1,126.891875333588,37.4877212814766,정좌표
152,구로구,서울특별시 구로구 구로동 가마산로 283,126.891384419623,37.4969037577426,정좌표
153,구로구,서울특별시 구로구 구로동 102,126.889531870585,37.4969357994314,정좌표
154,구로구,서울특별시 구로구 구로동 1283,126.875527349097,37.4982065327806,정좌표
155,구로구,서울특별시 구로구 고척동 327,126.865106800307,37.5009020528649,정좌표
156,구로구,서울특별시 구로구 구로동 1263,126.884185960027,37.503486852102,정좌표
157,구로구,서울특별시 구로구 구로동 501,126.884088820296,37.4998853500253,정좌표
158,구로구,서울특별시 구로구 구로동 46-7,126.891466944358,37.5006682816532,정좌표
159,구로구,서울특별시 구로구 신도림동 신도림로 56-13,126.882214662208,37.5082289754452,정좌표
160,구로구,서울특별시시 구로구 신도림로 87,126.883821624446,37.510859220758,정좌표
161,구로구,서울특별시 구로구 오류동 346,126.841503900399,37.4915963925656,정좌표
162,구로구,서울특별시 구로구 오류동 오류로 30,126.840432831951,37.4872516957424,정좌표
163,구로구,서울특별시 구로구 천왕동 천왕로 92,126.838194677179,37.4848382450975,정좌표
164,구로구,서울특별시 구로구 천왕동 천왕로 29,126.838595034877,37.4808024231342,정좌표
165,구로구,서울특별시 구로구 천왕동 천왕로 10,126.841699871934,37.479579229812,정좌표
166,구로구,서울특별시 구로구 항동 119-12,126.824235887438,37.4796166592068,정좌표
167,금천구,서울특별시 금천구 시흥동 1020,126.895385155794,37.4568055869614,정좌표
168,금천구,서울특별시 금천구 시흥동 시흥대로 165,126.899594912413,37.4448325805296,정좌표
169,금천구,서울특별시 금천구 독산동 152-1,126.897645590244,37.4726110943468,정좌표
170,금천구,서울특별시 금천구 가산디지털1로 33-33,126.884647569095,37.4684638041668,정좌표
171,금천구,서울특별시 금천구 범안로 17길 1,126.894943037938,37.4670082773224,인근좌표
172,노원구,서울특별시 노원구 공릉동 섬밭로 156,127.068385889477,37.630504860631,정좌표
173,노원구,서울특별시 노원구 공릉동 91,127.085984297895,37.6232607219594,정좌표
174,노원구,서울특별시 노원구 공릉동 동일로175길 38,127.072584370233,37.619451675679,정좌표
175,노원구,서울특별시 노원구 공릉동 동일로195길 39,127.06977791448,37.626789751982,정좌표
176,노원구,서울특별시 노원구 공릉동 492-1,127.071401728924,37.6233255630835,정좌표
177,노원구,서울특별시 노원구 공릉동 공릉로 206,127.078351671999,37.628053195226,정좌표
178,노원구,서울특별시 노원구 공릉동 공릉로27길 110,127.07740317319,37.6264420801801,정좌표
179,노원구,서울특별시 노원구 공릉동 화랑로51길 78,127.08808538985,37.6260787582235,정좌표
180,노원구,서울특별시 노원구 공릉동 섬밭로 139,127.066956937746,37.6283522717721,정좌표
181,노원구,서울특별시 노원구 상계동 701-1,127.056633136397,37.6541548524654,정좌표
182,노원구,서울특별시 노원구 노해로 429,127.055686962249,37.6541968015305,정좌표
183,노원구,서울특별시 노원구 상계동 상계로7길 18,127.065335420403,37.6576904537241,정좌표
184,노원구,서울특별시 노원구 공릉동 670-20,127.076192263483,37.6185222986555,정좌표
185,노원구,서울특별시 노원구 공릉동 섬밭로 52,127.072216969825,37.620907183108,정좌표
186,노원구,서울특별시 노원구 공릉동 공릉로 213,127.076847948342,37.6284287186376,정좌표
187,노원구,서울특별시 노원구 중계동 중계로 195,127.077084863173,37.6487400741547,정좌표
188,노원구,서울특별시 노원구 중계동 노원로22길 34,127.07176919144,37.6473508649693,정좌표
189,노원구,서울특별시 노원구 상계동 동일로250길 18,127.055837736317,37.6808576602218,정좌표
190,노원구,서울특별시 노원구 중계동 508,127.067085152368,37.6401066442114,정좌표
191,노원구,서울특별시 노원구 공릉동 26-21,127.106003335129,37.6428928780971,정좌표
192,노원구,서울특별시 노원구 상계동 덕릉로 780,127.080491016402,37.6675552822398,정좌표
193,노원구,서울특별시 노원구 상계동 상계로5길 12,127.064264599763,37.6573552621308,정좌표
194,노원구,서울특별시 노원구 상계동 한글비석로52길 66,127.068143711368,37.6670769084191,정좌표
195,노원구,서울특별시 노원구 상계동 652,127.055793575214,37.6658216615769,정좌표
196,노원구,서울특별시 노원구 상계동 624,127.053697865032,37.6687739194535,정좌표
197,노원구,서울특별시 노원구 공릉동 172,127.079853417509,37.6329653845041,정좌표
198,노원구,서울특별시 노원구 상계동 누원로 28,127.054744748154,37.6883300833174,정좌표
199,노원구,서울특별시 노원구 월계동 석계로13길 35,127.060465045815,37.6209473678847,정좌표
200,노원구,서울특별시 노원구 월계동 화랑로 355,127.067510591749,37.6159236332029,정좌표
201,노원구,서울특별시 노원구 월계동 초안산로 89,127.051719009382,37.6348784757779,정좌표
202,노원구,서울특별시 노원구 노원길 130,127.073226351657,37.655247238753,인근좌표
203,노원구,"서울특별시 노원구 노원로22길 71 (중계동, 건영3차아파트)",127.073030551907,37.6490397664172,정좌표
204,노원구,"서울특별시 노원구 섬밭로 265 (중계동, 경남,롯데,상아아파트)",127.063079941031,37.6388362406541,정좌표
205,노원구,서울특별시 노원구 중계동 중계로14나길 25,127.083783807759,37.6488461913714,정좌표
206,노원구,"서울특별시 노원구 덕릉로70가길 21 (상계동, 중계센트럴파크)",127.060262468217,37.6430699947077,정좌표
207,노원구,서울특별시 노원구 중계동 덕릉로 613,127.073094060494,37.6521778214647,정좌표
208,노원구,서울특별시 노원구 중계동 덕릉로76길 29,127.076503066541,37.6548749210881,정좌표
209,노원구,서울특별시 노원구 한글비석로 15길 51,127.074165830062,37.656313152146,정좌표
210,노원구,서울특별시 노원구 하계동 동일로207길 186,127.063134562336,37.6345889729379,정좌표
211,노원구,서울특별시 노원구 중계동 중계로8길 39,127.083996378638,37.6468099173933,정좌표
212,노원구,서울특별시 노원구 공릉동 화랑로51길 17,127.087327898827,37.6233225129137,정좌표
213,도봉구,서울특별시 도봉구 방학동 720-1,127.048119441275,37.6650678610206,정좌표
214,도봉구,"서울특별시 도봉구 도봉로 552 (창동, 도봉구민회관)",127.038684851616,37.6541675910145,정좌표
215,도봉구,"서울특별시 도봉구 마들로 656 (방학동, 도봉구청)",127.04713161789,37.6687163170304,정좌표
216,도봉구,서울특별시 도봉구 마들로 684-20,127.047197370732,37.6702600130058,정좌표
217,도봉구,서울특별시 도봉구 마들로 735-8,127.047487157649,37.6763395343455,정좌표
218,도봉구,서울특별시 도봉구 도봉동 도봉로180길 6-23,127.047337305075,37.6809391782676,정좌표
219,도봉구,서울특별시 도봉구 창동 노해로69길 103,127.049331582839,37.658016889195,정좌표
220,도봉구,서울특별시 도봉구 방학동 방학로 200,127.029065026396,37.6628995647735,정좌표
221,도봉구,서울특별시 도봉구 방학동 방학로12길 53,127.028773284855,37.6635383466882,정좌표
222,도봉구,서울특별시 도봉구 시루봉로 11길 25-8,127.026709708896,37.6642127547856,정좌표
223,도봉구,서울특별시 도봉구 방학동 도봉로150바길 26,127.044997671774,37.6644368632548,정좌표
224,도봉구,서울특별시 도봉구 방학동 도봉로150길 43,127.045761433682,37.6666728621686,정좌표
225,도봉구,서울특별시 도봉구 방학동 해등로 286-5,127.024864354695,37.6582171427181,정좌표
226,도봉구,서울특별시 도봉구 우이천로 367,127.023367838775,37.648681739017,정좌표
227,도봉구,서울특별시 도봉구 도봉동 도봉산길 35,127.041347199998,37.6865842361114,정좌표
228,도봉구,"서울특별시 도봉구 시루봉로2길 62 (쌍문동, 쌍문미라보아파트)",127.032008032917,37.6553253755344,정좌표
229,도봉구,서울특별시 도봉구 쌍문동 우이천로30길 28,127.026327686191,37.6484964482249,정좌표
230,도봉구,서울특별시 도봉구 시루봉로 58,127.029419774947,37.6555347341272,정좌표
231,도봉구,서울특별시 도봉구 시루봉로 6길53,127.030862604015,37.6593295124682,정좌표
232,도봉구,서울특별시 도봉구 창동 도봉로136길 111,127.045864609196,37.6599740913567,정좌표
233,도봉구,서울특별시 도봉구 창동 도봉로 428,127.032404561365,37.6439532585435,정좌표
234,도봉구,서울특별시 도봉구 창동 도봉로 642-30,127.043830276475,37.6615841375397,정좌표
235,도봉구,"서울특별시 도봉구 덕릉로63가길 43 (창동, 창동대우아파트)",127.035934083512,37.6417859590226,정좌표
236,도봉구,서울특별시 도봉구 창동 우이천로20길 6,127.034030570022,37.6404185182422,정좌표
237,도봉구,서울특별시 도봉구 창동 마들로 551,127.048011834946,37.6602988874373,정좌표
238,도봉구,"서울특별시 도봉구 노해로70길 126 (창동, 주공18단지아파트)",127.052874749808,37.6469844964602,정좌표
239,도봉구,서울특별시 도봉구 창동 노해로 403,127.05227469684,37.653942702315,정좌표
240,도봉구,서울특별시 도봉구 덕릉로 60길 164-13,127.042837173419,37.6330879561377,정좌표
241,도봉구,서울특별시 도봉구 창동 덕릉로60바길 21,127.041409601859,37.6391235467337,정좌표
242,도봉구,서울특별시 도봉구 쌍문동 388-1,127.028703707899,37.645906384359,정좌표
243,도봉구,서울특별시 도봉구 도봉로 678,127.04359905912,37.6648606751542,정좌표
244,도봉구,서울특별시 도봉구 방학동 방학로11길 33,127.033018010467,37.6612759342451,정좌표
245,동대문구,서울특별시 동대문구 답십리로 130,127.051581763882,37.5715033028432,정좌표
246,동대문구,서울특별시 동대문구 답십리로 130,127.051581763882,37.5715033028432,정좌표
247,동대문구,서울특별시 동대문구 휘경동 366,127.068667298584,37.5874010648719,정좌표
248,동대문구,서울특별시 동대문구 답십리동 한천로37길 33,127.064465239854,37.5759885159587,정좌표
249,동대문구,서울특별시 동대문구 망우로 18나길 20,127.06147301664,37.5873895772911,정좌표
250,동대문구,서울특별시 동대문구 휘경동 망우로20길 86,127.066574682587,37.5904876003312,정좌표
251,동대문구,서울특별시 동대문구 이문동 한천로58길 47,127.067842749201,37.6012352052978,정좌표
252,동대문구,서울특별시 동대문구 장안동 장안벚꽃로1길 7,127.076184249236,37.5765099675778,정좌표
253,동대문구,서울특별시 동대문구 전농동 10,127.060440311617,37.5766328506497,정좌표
254,동대문구,서울특별시 동대문구 답십리동 80,127.05971939583,37.5744705647554,정좌표
255,동대문구,서울특별시 동대문구 회기동 1-1,127.055454616908,37.5920638866877,정좌표
256,동대문구,서울특별시 동대문구 휘경동 52,127.074163730123,37.5816554694445,정좌표
257,동대문구,서울특별시 동대문구 휘경동 57,127.070721434973,37.5829779979925,정좌표
258,동대문구,서울특별시 동대문구 답십리동 465-18,127.048069943664,37.5705488701804,인근좌표
259,동작구,서울특별시 동작구 동작대로 19,126.980905930184,37.4782222440809,정좌표
260,동작구,서울특별시 동작구 대방동 여의대방로44길 9,126.924689107994,37.5092085564395,정좌표
261,동작구,서울특별시 동작구 상도동 양녕로 287,126.949313885136,37.5054026909632,정좌표
262,동작구,서울특별시 동작구 신대방동 신대방1가길 38,126.905981216397,37.4875712456913,정좌표
263,동작구,서울특별시 동작구 대방동 상도로 53길 8,126.955724849874,37.5001324336324,정좌표
264,동작구,서울특별시 동작구 신대방동 보라매로5가길 16,126.924094239981,37.4912742868276,정좌표
265,동작구,서울특별시 동작구 사당동 사당로27길 190,126.972625854919,37.490648036985,정좌표
266,동작구,서울특별시 동작구 상도동 상도로60길 20,126.953354296855,37.4932035768466,정좌표
267,동작구,서울특별시 동작구 상도동 등용로 37,126.933405292849,37.5046763159813,정좌표
268,동작구,서울특별시 동작구 상도동 상도로 346-2,126.949670422349,37.4976764003593,정좌표
269,동작구,서울특별시 동작구 상도동 장승배기로 11,126.943126374477,37.4995103675719,정좌표
270,동작구,서울특별시 동작구 대방동 345-1,126.927118250156,37.5115664572078,정좌표
271,동작구,서울특별시 동작구 신대방동 여의대방로10길 100,126.914418962526,37.4919951308391,정좌표
272,동작구,서울특별시 동작구 신대방동 여의대방로 28,126.912074528129,37.4956024278769,정좌표
273,동작구,서울특별시 동작구 동작동 동작대로39길 22,126.978707624921,37.4947918920132,정좌표
274,동작구,서울특별시 동작구 흑석동 흑석한강로 2,126.966515652716,37.5065971500185,정좌표
275,마포구,서울특별시 마포구 용강동 토정로31길 24,126.943448503454,37.5420185835616,정좌표
276,마포구,"서울특별시 마포구 만리재로 36 (신공덕동, 공덕 아이파크)",126.955568779857,37.5447825603866,정좌표
277,마포구,서울특별시 마포구 공덕동 백범로 152,126.947011954186,37.5452937019948,정좌표
278,마포구,서울특별시 마포구 공덕동 백범로 152,126.947011954186,37.5452937019948,정좌표
279,마포구,서울특별시 마포구 연남동 동교로39길 11,126.923665876058,37.5616891426889,정좌표
280,마포구,서울특별시 마포구 용강동 토정로31길 23,126.941350357193,37.5419861421904,정좌표
281,마포구,서울특별시 마포구 상수동 독막로20나길 22,126.925508323081,37.5472596319698,정좌표
282,마포구,서울특별시 마포구 상수동 독막로20나길 21,126.926422497945,37.5473451975332,정좌표
283,마포구,서울특별시 마포구 공덕동 마포대로 109,126.950319724156,37.5447897892224,정좌표
284,마포구,서울특별시 마포구 용강동 마포대로1길 21,126.941532390428,37.5403454660121,정좌표
285,마포구,서울특별시 마포구 도화동 삼개로 38,126.94708324873,37.5371728773265,정좌표
286,마포구,서울특별시 마포구 아현동 마포대로 195,126.955121142311,37.5532091865278,정좌표
287,마포구,서울특별시 마포구 아현동 마포대로 195,126.955121142311,37.5532091865278,정좌표
288,마포구,서울특별시 마포구 아현동 마포대로 195,126.955121142311,37.5532091865278,정좌표
289,마포구,서울특별시 마포구 아현동 마포대로 195,126.955121142311,37.5532091865278,정좌표
290,마포구,서울특별시 마포구 토정로37길 38,126.946499989303,37.5417152007854,정좌표
291,마포구,서울특별시 마포구 대흥동 804,126.941988663236,37.5491745303566,정좌표
292,마포구,서울특별시 마포구 성산로 128,126.908202275693,37.5637960595116,정좌표
293,마포구,서울특별시 마포구 아현동 738,126.955483181117,37.5521656839009,정좌표
294,마포구,서울특별시 마포구 합정동 473,126.911840432582,37.5510423660896,정좌표
295,마포구,"서울특별시 마포구 월드컵로1길 14 (합정동, 마포 한강 푸르지오)",126.912061729353,37.550049631548,정좌표
296,마포구,서울특별시 마포구 양화로 45,126.913677589914,37.550165828111,정좌표
297,마포구,서울특별시 마포구 신공덕동 백범로 230,126.956107331789,37.5410635502447,정좌표
298,마포구,서울특별시 마포구 월드컵로 240,126.899033655207,37.5699431459969,정좌표
299,마포구,서울특별시 마포구 상암동 월드컵로 338,126.889225763605,37.5734936728421,정좌표
300,마포구,서울특별시 마포구 도화동 큰우물로 75,126.946295306111,37.5412669014892,정좌표
301,마포구,서울특별시 마포구 신공덕동 만리재로 60,126.95692014065,37.544974641565,정좌표
302,마포구,서울특별시 마포구 노고산동 1-3,126.942243437677,37.5562141916679,정좌표
303,마포구,서울특별시 마포구 마포동 마포대로 6,126.944428734914,37.5372967025908,정좌표
304,마포구,서울특별시 한강대로 23길 55,126.96474137477,37.529771938775,정좌표
305,마포구,서울특별시 마포구 창전동 서강로 95,126.929758692488,37.5505712354514,정좌표
306,마포구,서울특별시 마포구 토정동 토정로32길 11,126.940802166264,37.5395082620653,정좌표
307,서대문구,서울특별시 서대문구 북가좌동 481,126.910525232845,37.5726378053479,정좌표
308,서대문구,서울특별시 서대문구 남가좌동 388,126.920642345831,37.5791207060438,정좌표
309,서대문구,서울특별시 서대문구 북가좌동 거북골로14길 32,126.914151759774,37.5755455455788,정좌표
310,서대문구,서울특별시 서대문구 남가좌동 377,126.916536538861,37.5779227885419,정좌표
311,서대문구,서울특별시 서대문구 냉천동 261,126.961558139983,37.5661286481626,정좌표
312,서대문구,서울특별시 서대문구 홍제동 통일로 344,126.951439709293,37.5812724829176,정좌표
313,서대문구,서울특별시 서대문구 홍제동 38-69,126.95222098527,37.5828484356225,정좌표
314,서대문구,서울특별시 서대문구 신촌동 134,126.939471665917,37.5646889031355,정좌표
315,서대문구,서울특별시 서대문구 연희동 739,126.929489497628,37.5615095625537,정좌표
316,서대문구,"서울특별시 서대문구 연희로32길 48 (연희동, 연희동성원아파트)",126.937541179419,37.5761707290567,정좌표
317,서대문구,서울특별시 서대문구 홍제동 통일로 397,126.94739808784,37.5851687954998,정좌표
318,서대문구,서울특별시 서대문구 홍은중앙로 125,126.949192946034,37.6015467203556,정좌표
319,서초구,서울특별시 서초구 우면동 788,127.023631564078,37.4584519802059,정좌표
320,서초구,서울특별시 서초구 우면동 368-1,127.02538417489,37.4581768246656,인근좌표
321,서초구,서울특별시 서초구 서초동 1355,127.027974141485,37.4856895421878,정좌표
322,서초구,서울특별시 서초구 반포동 산 94-1,127.002290005038,37.496684904889,정좌표
323,서초구,서울특별시 서초구 우면동 763,127.015961665734,37.4568621576619,정좌표
324,서초구,서울특별시 서초구 서초동 1642-34,127.017498961712,37.4920244798367,정좌표
325,서초구,서울특별시 서초구 서초동 1301-6,127.020455145954,37.5022468701928,정좌표
326,서초구,서울특별시 서초구 방배동 754-1,126.984282431471,37.4969297467605,정좌표
327,서초구,서울특별시 서초구 방배동 755-14,126.985684274865,37.4972704669113,정좌표
328,서초구,서울특별시 서초구 반포동 30-26,127.01329851465,37.5037570741383,정좌표
329,서초구,서울특별시 서초구 반포동 60-4,127.008755040134,37.5013443350852,정좌표
330,서초구,서울특별시 서초구 방배동 884-2,126.998785231414,37.4883397552656,인근좌표
331,서초구,서울특별시 서초구 방배동 797-30,126.99172311098,37.4942990577299,정좌표
332,서초구,서울특별시 서초구 방배동 3275,126.988031154636,37.4976145072534,정좌표
333,서초구,서울특별시 서초구 방배동 424-28,126.984422932995,37.4836129747135,정좌표
334,서초구,서울특별시 서초구 방배동 844-1,126.996469496284,37.4919420008827,인근좌표
335,서초구,서울특별시 서초구 방배동 3277,126.984814114998,37.491593993395,정좌표
336,서초구,서울특별시 서초구 반포동 동광로32길 7,126.997889335131,37.4937641431611,정좌표
337,서초구,서울특별시 서초구 내곡동 6-7,127.070520299121,37.4558271012129,인근좌표
338,서초구,서울특별시 서초구 우면동 753,127.013228703838,37.4564261838731,정좌표
339,서초구,서울특별시 서초구 서초동 1529,127.009025969116,37.486219486906,정좌표
340,서초구,서울특별시 서초구 서초동 1456-2,127.014208805923,37.4838114509265,정좌표
341,서초구,서울특별시 서초구 우면동 707,127.019916082719,37.4635974613045,정좌표
342,서초구,서울특별시 서초구 우면동 737,127.026467254706,37.4614400353364,정좌표
343,서초구,서울특별시 서초구 우면동 735,127.023192856593,37.4618088467014,정좌표
344,서초구,서울특별시 서초구 내곡동 77,127.064441766585,37.4510548102358,정좌표
345,서초구,서울특별시 서초구 서초동 1542-1,127.008307978011,37.4915597191879,정좌표
346,서초구,서울특별시 서초구 서초동 1642-14,127.018239650401,37.4924818138537,정좌표
347,서초구,서울특별시 서초구 서초동 1681-8,127.019649204701,37.496853139939,정좌표
348,서초구,서울특별시 서초구 서초동 1444-19,127.019665008714,37.4842931861281,정좌표
349,서초구,서울특별시 서초구 서초동 1568-1,127.012785404144,37.490692269309,정좌표
350,서초구,서울특별시 서초구 효령로 72길 60,127.028079134942,37.4856050993608,정좌표
351,서초구,서울특별시 서초구 신원동 374,127.056383400593,37.452398058258,정좌표
352,서초구,서울특별시 서초구 우면동 773,127.018047542878,37.4573899379558,정좌표
353,서초구,서울특별시 서초구 반포동 19-3,127.00359678702,37.5043541479814,정좌표
354,서초구,서울특별시 서초구 반포동 2-12,126.992747682827,37.5054470113175,정좌표
355,서초구,서울특별시 서초구 양재동 212,127.036131692801,37.464992215209,정좌표
356,서초구,서울특별시 서초구 서초동 산 130-19,127.012011531312,37.4798199252198,정좌표
357,서초구,서울특별시 서초구 서초동 1549-3,127.010419994614,37.4901752871393,정좌표
358,서초구,서울특별시 서초구 잠원로3길 40,127.003659193382,37.5082135834902,정좌표
359,서초구,서울특별시 서초구 서초동 1343-2,127.026141302088,37.487602677462,정좌표
360,서초구,서울특별시 서초구 서초동 1338,127.029461542837,37.490885223506,정좌표
361,서초구,서울특별시 서초구 방배동 774-19,126.988926663441,37.4942500302128,정좌표
362,서초구,서울특별시 서초구 방배동 772-13,126.988342385059,37.4951660023886,정좌표
363,성동구,서울특별시 성동구 금호동1가 금호로 140,127.022424055515,37.5546565769001,정좌표
364,성동구,서울특별시 성동구 마장로27길 13,127.034125202976,37.567234339268,인근좌표
365,성동구,서울특별시 성동구 금호동2가 금호로 117,127.023318734071,37.5526129552493,정좌표
366,성동구,서울특별시 성동구 응봉동 고산자로4길 34,127.037992905439,37.553251575372,정좌표
367,성동구,서울특별시 성동구 자동차시장길 49,127.057851170706,37.5586850599803,정좌표
368,성동구,서울특별시 성동구 성수동1가 656-334,127.046542308054,37.5440658650087,정좌표
369,성동구,서울특별시 성동구 금호동4가 금호로 15,127.021656205291,37.5442642271897,정좌표
370,성동구,서울특별시 성동구 성수동1가 상원6길 16,127.050254808275,37.5485296864922,정좌표
371,성동구,서울특별시 성동구 성수동2가 성수이로 137,127.056102535871,37.5473586048879,정좌표
372,성동구,서울특별시 성동구 하왕십리동 843,127.02799173215,37.5647975508584,인근좌표
373,성동구,서울특별시 성동구 상왕십리동 289-5,127.023618317131,37.5666727403454,인근좌표
374,성동구,서울특별시 성동구 상왕십리동 302-2,127.023583205818,37.5668804902087,인근좌표
375,성동구,서울특별시 성동구 하왕십리동 674-1,127.028591418385,37.5669062043291,인근좌표
376,성동구,서울특별시 성동구 사근동 110,127.047258377719,37.5576418487737,정좌표
377,성동구,서울특별시 성동구 행당동 행당로 82,127.030175877402,37.5556656423893,정좌표
378,성북구,서울특별시 성북구 안암동5가 1-2 (고려대학교안암캠퍼스),127.032347577912,37.5887403239459,정좌표
379,성북구,서울특별시 성북구 안암동5가 126-16 (고려대학교안암캠퍼스),127.026299877343,37.5842423727364,정좌표
380,성북구,서울특별시 성북구 정릉동 861-1,126.99655005267,37.6111352952863,정좌표
381,성북구,서울특별시 성북구 돈암동 643,127.022820727223,37.6004735893326,정좌표
382,성북구,서울특별시 성북구 길음동 1283,127.022867551347,37.6062597064876,정좌표
383,성북구,서울특별시 성북구 장위동 317,127.0469754778,37.6205374109106,정좌표
384,성북구,서울특별시 성북구 하월곡동 224,127.04136723697,37.5964261028256,정좌표
385,성북구,서울특별시 성북구 돈암동 603,127.010186114182,37.5975493445666,정좌표
386,성북구,서울특별시 성북구 돈암동 524,127.012478685536,37.6007240183406,정좌표
387,성북구,서울특별시 성북구 돈암동 1-3,127.028558965778,37.6041096316599,정좌표
388,성북구,서울특별시 성북구 하월곡동 88-387,127.030543509363,37.6074048602388,인근좌표
389,성북구,서울특별시 성북구 석관동 410,127.063394154542,37.606118186057,정좌표
390,성북구,서울특별시 성북구 보문동4가 116,127.020942956511,37.5841342312408,정좌표
391,성북구,서울특별시 성북구 돈암동 636,127.017763769852,37.5978622586755,정좌표
392,성북구,서울특별시 성북구 삼선동3가 116,127.01161759348,37.5873022021237,정좌표
393,성북구,서울특별시 성북구 삼선동2가 425,127.013356646848,37.5834831496552,정좌표
394,성북구,서울특별시 성북구 삼선동2가 294-8,127.010645107748,37.5837372347881,정좌표
395,성북구,서울특별시 성북구 석관동 10,127.068679453389,37.6126464929809,정좌표
396,성북구,서울특별시 성북구 상월곡동 101,127.045397940994,37.6078899743588,정좌표
397,성북구,서울특별시 성북구 정릉동 1035,127.019408119477,37.5999855662125,정좌표
398,성북구,서울특별시 성북구 정릉동 1028,127.010178330862,37.6151849080704,정좌표
399,성북구,서울특별시 성북구 정릉동 239,127.00727873215,37.6185760931683,정좌표
400,성북구,서울특별시 성북구 종암동 80,127.030129201265,37.6009778674392,정좌표
401,성북구,서울특별시 성북구 동소문동7가 23,127.014122058618,37.5951648765362,정좌표
402,송파구,서울특별시 송파구 가락동 154,127.126580197446,37.4987075468964,정좌표
403,송파구,서울특별시 송파구 양재대로 932,127.112809817776,37.4912897935518,정좌표
404,송파구,서울특별시 송파구 가락동 동남로 193,127.127167032898,37.4948399325523,정좌표
405,송파구,서울특별시 송파구 가락동 중대로12길 35,127.1257270192,37.4916761030108,정좌표
406,송파구,서울특별시 송파구 잠실동 40,127.093894345241,37.5110949562907,정좌표
407,송파구,서울특별시 송파구 거여동 양산로8길 8,127.143925582071,37.4907600543462,정좌표
408,송파구,서울특별시 송파구 거여동 195-1,127.146812936113,37.4935446000392,정좌표
409,송파구,서울특별시 송파구 거여동 양산로4길 8,127.143391728897,37.4895854996639,정좌표
410,송파구,서울특별시 송파구 거여동 양산로4길 16,127.144964431662,37.4892095002753,정좌표
411,송파구,서울특별시 송파구 올림픽로35길 93,127.104432992628,37.5177315715298,정좌표
412,송파구,서울특별시 송파구 잠실동 잠실로 88,127.094575758939,37.50979548515,정좌표
413,송파구,서울특별시시 송파구 올림픽로 135,127.085469811997,37.5154739863984,정좌표
414,송파구,서울특별시 송파구 성내천로43길 6,127.155558310062,37.4952866674616,정좌표
415,송파구,서울특별시 송파구 문정동 38-3,127.124646028299,37.4859747274196,정좌표
416,송파구,서울특별시 송파구 문정동 문정로 83,127.129865079098,37.4895417324312,정좌표
417,송파구,서울특별시 송파구 백제고분로 481,127.113828001536,37.5135105018618,정좌표
418,송파구,서울특별시 송파구 오금로 27길 29,127.119534874443,37.5082876148493,인근좌표
419,송파구,서울특별시 송파구 삼전동 175-8,127.095850859701,37.5002368424945,정좌표
420,송파구,서울특별시 송파구 송파동 128,127.113321790139,37.5070273923888,정좌표
421,송파구,서울특별시 송파구 신천동 29-5 송파구청 앞,127.106060829168,37.5146025664681,정좌표
422,송파구,서울특별시 송파구 장지동 516,127.137008183207,37.4756530401625,인근좌표
423,송파구,서울특별시 송파구 송파동 오금로32길 14,127.11854880815,37.5040345198527,정좌표
424,송파구,서울특별시 송파구 가락동 송파대로28길 27,127.120753739931,37.4952060226187,정좌표
425,송파구,서울특별시 송파구 장지동 위례광장로 270,127.142738783881,37.475860249063,정좌표
426,송파구,서울특별시 송파구 장지동 송파대로8길 20,127.130551711898,37.4773089429242,정좌표
427,송파구,서울특별시 송파구 장지동 833,127.134784754859,37.4868151877414,정좌표
428,송파구,서울특별시 송파구 장지동 충민로4길 5,127.130571464597,37.4801888658927,정좌표
429,송파구,서울특별시 송파구 충민로6길 14,127.132403977948,37.4808638447582,정좌표
430,송파구,서울특별시시 송파구 충민로 4길 19,127.130510222279,37.4785572038968,정좌표
431,송파구,서울특별시시 송파구 송파대로 8길 17,127.127940748795,37.4776883371619,정좌표
432,송파구,서울특별시 송파구 마천동 성내천로37길 37,127.159832071742,37.498477527161,정좌표
433,송파구,서울특별시 송파구 마천동 성내천로47길 38,127.158153125575,37.495918488587,정좌표
434,송파구,서울특별시 송파구 장지동 453-1 위례22단지 정문,127.139792968925,37.4816403752896,인근좌표
435,송파구,서울특별시 송파구 풍납동 풍성로26길 31,127.118522627339,37.5314075287642,정좌표
436,송파구,서울특별시 송파구 거여동 28,127.146365753846,37.4920142724735,정좌표
437,송파구,서울특별시 송파구 장지동 380-1,127.135490044432,37.4759980107287,정좌표
438,송파구,서울특별시 송파구 장지동 위례광장로 185,127.141384657445,37.4817308853634,정좌표
439,송파구,서울특별시 송파구 장지동 위례광장로 215,127.146749574964,37.4797526868035,정좌표
440,송파구,서울특별시 송파구 신천동 올림픽로 269,127.100611616173,37.5144276714008,정좌표
441,송파구,서울특별시 송파구 잠실동 250-5,127.087722002206,37.5047528164916,정좌표
442,송파구,서울특별시 송파구 방이동 양재대로 1089,127.12186011591,37.50631208851,정좌표
443,송파구,서울특별시 송파구 풍납동 403-11,127.116838728717,37.5287182998246,정좌표
444,송파구,서울특별시 송파구 풍납동 올림픽로47길 9,127.117587909106,37.5268865439851,정좌표
445,송파구,서울특별시 송파구 풍납동 토성로 38-6,127.113403929264,37.5286777996045,정좌표
446,송파구,서울특별시 송파구 신천동 7-11,127.099608566412,37.5159727113016,정좌표
447,송파구,서울특별시 송파구 송파동 송파대로48길 29,127.106958663054,37.5100333836792,정좌표
448,양천구,서울특별시 양천구 신월동 263,126.828906470221,37.5365365122457,정좌표
449,양천구,서울특별시 양천구 신정동 319-1,126.868817013891,37.5197259088578,정좌표
450,양천구,서울특별시 양천구 목동 755-1,126.870027369517,37.5382085628757,정좌표
451,양천구,서울특별시 양천구 목동 961,126.869892098965,37.5243365582362,정좌표
452,양천구,서울특별시 양천구 신정동 337,126.866696527004,37.5078630986594,정좌표
453,양천구,서울특별시 양천구 신정동 318-10,126.870406955027,37.5226508874359,정좌표
454,양천구,서울특별시 양천구 목동 905-22,126.876793349895,37.5321691559629,정좌표
455,양천구,서울특별시 양천구 신정동 중앙로36길 15,126.858055699613,37.5204812689022,정좌표
456,양천구,서울특별시 양천구 목동 908-28,126.881097518252,37.5363424097687,정좌표
457,양천구,서울특별시 양천구 목동 900,126.883757667301,37.5397363461648,정좌표
458,양천구,서울특별시 양천구 신월동 남부순환로56길 9,126.829354325401,37.531563915147,정좌표
459,양천구,서울특별시 양천구 신월동 217-8,126.834631882336,37.5270916036045,정좌표
460,양천구,서울특별시 양천구 신월로20길 7,126.845117846192,37.5193917149629,정좌표
461,양천구,서울특별시 양천구 신정동 1310,126.839094473217,37.5118547381524,정좌표
462,양천구,서울특별시 양천구 신정동 1324,126.834893767702,37.5057747724755,정좌표
463,양천구,서울특별시 양천구 신정이펜2로 55,126.831597761837,37.5166209440047,정좌표
464,양천구,서울특별시 양천구 신월동 1026,126.839421218518,37.5243469730678,정좌표
465,양천구,서울특별시 양천구 신월동 506-1,126.847552448828,37.5229829579731,정좌표
466,양천구,서울특별시 양천구 신정동 1281,126.835345949241,37.5135395981834,정좌표
467,영등포구,서울특별시 영등포구 여의도동 1,126.915356775778,37.5310475074358,정좌표
468,영등포구,서울특별시 영등포구 여의도동 21,126.930259001784,37.5275338766447,정좌표
469,영등포구,서울특별시 영등포구 문래동3가 80,126.893030356563,37.5197249824082,정좌표
470,영등포구,서울특별시 영등포구 당산동2가 16-1,126.892992431171,37.5211574476411,정좌표
471,영등포구,서울특별시 영등포구 대림동 608-1,126.895589146632,37.5055213337073,정좌표
472,영등포구,서울특별시 영등포구 대림동 870,126.903416043081,37.491116571702,정좌표
473,영등포구,서울특별시 영등포구 대림동 780,126.894679478961,37.499678430781,정좌표
474,영등포구,서울특별시 영등포구 여의도동 의사당대로 127,126.926406550193,37.5202404516386,정좌표
475,영등포구,서울특별시 영등포구 문래동3가 93-1,126.892434983745,37.518386749392,정좌표
476,영등포구,서울특별시 영등포구 문래동3가 97,126.897590517544,37.5190622397532,정좌표
477,영등포구,서울특별시 영등포구 문래동3가 당산로4길 12,126.896517404072,37.5167823815888,정좌표
478,영등포구,서울특별시 영등포구 신길동 대방천로14길 34,126.910194822157,37.495920880767,정좌표
479,영등포구,서울특별시 영등포구 영등포로 351,126.918644631942,37.5157193566069,정좌표
480,영등포구,서울특별시 영등포구 신길동 신길로 119,126.909441935862,37.5033577984085,정좌표
481,영등포구,서울특별시 영등포구 신길동 가마산로79길 7,126.914597038334,37.5051389350415,정좌표
482,영등포구,서울특별시 영등포구 양평동5가 76,126.892078579806,37.5401031858902,정좌표
483,영등포구,서울특별시 영등포구 신길동 4945,126.908142172037,37.5049092533498,정좌표
484,영등포구,서울특별시 영등포구 도림동 도영로 66,126.900667845698,37.5097526910889,정좌표
485,영등포구,서울특별시 영등포구 경인로 878,126.910270435547,37.5173193829101,정좌표
486,용산구,서울특별시 용산구 이촌동 이촌로64길 15,126.969260892579,37.5193670191354,정좌표
487,용산구,서울특별시 용산구 용산동6가 11-426,126.979040254138,37.5232841018877,정좌표
488,용산구,서울특별시 용산구 한강로1가 64,126.972959963681,37.5371649307028,정좌표
489,용산구,서울특별시 용산구 이촌로 100-8,126.957295045686,37.5238993565757,정좌표
490,용산구,서울특별시 용산구 이촌동 이촌로 300,126.980323220202,37.5178445202169,정좌표
491,용산구,서울특별시 용산구 백범로 341,126.96797332243,37.5379392661183,정좌표
492,용산구,서울특별시 용산구 원효로1가 백범로 341,126.96797332243,37.5379392661183,정좌표
493,용산구,서울특별시 용산구 원효로1가 원효로90길 11,126.969718175217,37.540395362977,정좌표
494,용산구,서울특별시 용산구 한강로3가 서빙고로 35,126.968937292043,37.5251083560303,정좌표
495,용산구,서울특별시 용산구 문배동 백범로90길 26,126.968450422812,37.5366029086006,정좌표
496,용산구,서울특별시 용산구 문배동 백범로90길 74,126.969662343385,37.5374905097101,정좌표
497,용산구,서울특별시 용산구 한강로3가 12,126.964679169487,37.5320695026974,정좌표
498,용산구,서울특별시 용산구 용산동2가 녹사평대로 245,126.987079376543,37.5401915495134,정좌표
499,용산구,서울특별시 용산구 문배동 청파로 213,126.970349205377,37.5385977471884,정좌표
500,용산구,서울특별시 용산구 이태원로 29,126.978822814231,37.5368000279116,정좌표
501,용산구,"서울특별시 용산구 삼개로 60 (청암동, 천년명가 청암자이)",126.946404222174,37.5353388735454,정좌표
502,용산구,서울특별시 용산구 용산동5가 서빙고로 67,126.971460817244,37.5240346278196,정좌표
503,용산구,서울특별시 용산구 문배동 백범로90길 38,126.969547020037,37.5366922961479,정좌표
504,용산구,서울특별시 용산구 이촌동 이촌로 181,126.969585247195,37.5225040142967,정좌표
505,용산구,서울특별시 용산구 한남대로 80,127.006407146287,37.5357130783604,정좌표
506,용산구,서울특별시 용산구 한남동 서빙고로 413,127.005082822894,37.5277936557164,정좌표
507,은평구,서울특별시 은평구 진관동 65-31,126.920014496594,37.640299914723,정좌표
508,은평구,서울특별시 은평구 통일로 659,126.933667218162,37.6055269231277,정좌표
509,은평구,서울특별시 은평구 갈현로7길 49,126.905226529212,37.6041792207559,정좌표
510,은평구,서울특별시 은평구 백련산로 90,126.923762809609,37.5942055626175,정좌표
511,은평구,서울특별시 은평구 진관동 진관2로 57-7,126.923032984307,37.6349773277146,정좌표
512,은평구,서울특별시 은평구 진관동 62,126.918652509769,37.6414778611171,정좌표
513,은평구,서울특별시 은평구 녹번동 153-1,126.923041372064,37.6057016216697,정좌표
514,은평구,"서울특별시 은평구 불광천길 436 (응암동, 응암공영주차장)",126.915382595512,37.5934714003549,정좌표
515,은평구,서울특별시 은평구 역촌동 9-54,126.915732668262,37.6062031956018,정좌표
516,종로구,서울특별시 종로구 내수동 사직로8길 34,126.972154915448,37.5735668742682,정좌표
517,종로구,서울특별시 종로구 사직동 사직로8길 4,126.96807509282,37.5742876644572,정좌표
518,종로구,서울특별시 종로구 삼청로 30,126.981330706883,37.5787519753184,정좌표
519,종로구,서울특별시 종로구 구기동 비봉2길 32,126.959132311786,37.6114454177753,정좌표
520,종로구,서울특별시 종로구 숭인동 종로 347,127.016105991513,37.5735659315658,정좌표
521,종로구,서울특별시 종로구 명륜2가 창경궁로 265,126.999830752708,37.5851761109448,정좌표
522,종로구,서울특별시 종로구 무악동 통일로 246-20,126.961463094065,37.5753493947296,정좌표
523,종로구,서울특별시 종로구 종로5길 58,126.980337865786,37.5729113968165,정좌표
524,종로구,서울특별시 종로구 무악동 통일로 246-20,126.961463094065,37.5753493947296,정좌표
525,종로구,서울특별시 종로구 숭인동 동망산길 47,127.015930882314,37.5798408394079,정좌표
526,종로구,서울특별시 종로구 창신동 지봉로5길 7,127.014796497395,37.5740157368541,정좌표
527,종로구,서울특별시 종로구 창신동 낙산길 198,127.01218111258,37.5804349831599,정좌표
528,종로구,서울특별시 종로구 창신동 지봉로 87,127.014949722543,37.5778910756758,정좌표
529,종로구,서울특별시 종로구 인의동 종로 183,126.998660687243,37.5714414879932,정좌표
530,중구,서울특별시 중구 만리동1가 231,126.966928704496,37.5558814019721,정좌표
531,중구,서울특별시 중구 장충동2가 산 14-67,127.000105436729,37.5528601195433,정좌표
532,중구,서울특별시 중구 소공로 35,126.981744060462,37.5582244494102,정좌표
533,중구,서울특별시 중구 충무로4가 퇴계로 235,126.99782458382,37.5625145945441,정좌표
534,중구,서울특별시 중구 회현동1가 산 1-19,126.984065396105,37.5565589226463,정좌표
535,중구,"서울특별시 중구 다산로 32 1동,21동,31동",127.008873364479,37.5494948406423,정좌표
536,중구,서울특별시 중구 순화동 서소문로9길 28,126.970448856702,37.5633131802963,정좌표
537,중구,서울특별시 중구 을지로 281,127.011586822593,37.5670598726112,정좌표
538,중구,서울특별시 중구 황학동 청계천로 400,127.021463133288,37.5708093656191,정좌표
539,중구,"서울특별시 중구 세종대로 110 (태평로1가, 서울특별시시청)",126.977830240086,37.5663193316229,정좌표
540,중구,서울특별시 중구 퇴계로 140,126.987469157885,37.560656040852,정좌표
541,중구,서울특별시 중구 남대문로 92,126.983371754864,37.5652756154356,정좌표
542,중구,서울특별시 중구 소공로 63,126.980978118459,37.5609172869577,정좌표
543,중구,서울특별시 중구 소공로 46,126.983219766382,37.5594116839366,정좌표
544,중구,서울특별시 중구 다동 85-4,126.982002654689,37.5681726502943,정좌표
545,중랑구,서울특별시 중랑구 동일로 862,127.0795428201,37.6075903036204,정좌표
546,중랑구,서울특별시 중랑구 면목동 1081-1,127.093797142274,37.5807800241289,정좌표
547,중랑구,서울특별시 중랑구 면목동 면목로37길 58,127.08311466046,37.5802774954151,정좌표
548,중랑구,서울특별시 중랑구 면목동 사가정로42길 90,127.081605671337,37.5781010788555,정좌표
549,중랑구,서울특별시 중랑구 면목동 동일로 483,127.079747497578,37.5730874855026,정좌표
550,중랑구,서울특별시 중랑구 묵동 숙선옹주로 6-9,127.077888780651,37.6148423762433,정좌표
551,중랑구,서울특별시 중랑구 묵동 동일로 932,127.07755736256,37.6138396181007,정좌표
552,중랑구,서울특별시 중랑구 묵동 공릉로18길 59,127.082061047979,37.618943733874,정좌표
553,중랑구,서울특별시 중랑구 상봉동 상봉중앙로1다길 21,127.088290637985,37.598876928879,정좌표
554,중랑구,서울특별시 중랑구 신내동 654,127.093266293266,37.6140834964884,정좌표
555,중랑구,서울특별시 중랑구 상봉동 봉화산로 130,127.089012259898,37.603097739644,정좌표
556,중랑구,서울특별시 중랑구 상봉동 1,127.093518536696,37.6039882450973,정좌표
557,중랑구,서울특별시 중랑구 신내동 신내역로1길 85,127.106372963926,37.6184695860901,정좌표
558,중랑구,서울특별시 중랑구 상봉동 485,127.087747884649,37.6040240751738,정좌표
559,중랑구,서울특별시 중랑구 망우로62길 52-4,127.098271629287,37.5967706274635,정좌표
560,중랑구,서울특별시 중랑구 망우동 망우로75길 19,127.104494539688,37.6019360763592,정좌표
561,중랑구,서울특별시 중랑구 망우동 양원역로 6,127.108364388719,37.6011952761222,정좌표
562,중랑구,서울특별시 중랑구 중화동 29-2,127.081621757796,37.6027216719972,정좌표
563,중랑구,서울특별시 중랑구 상봉동 81-5,127.091155285565,37.5970942427833,정좌표
